id,mode,agreement_coefficient
1,5.0,0.23763440860215054
2,5.0,0.17956989247311828
3,6.0,0.19032258064516128
4,6.0,0.17526881720430107
5,5.0,0.7344086021505376
6,6.0,0.2956989247311828
7,8.0,0.3473118279569892
8,5.0,0.38387096774193546
9,2.0,0.1774193548387097
10,4.0,0.3172043010752688
11,6.0,0.4591397849462366
12,6.0,0.19032258064516128
13,6.0,0.23333333333333334
14,5.0,0.5838709677419355
15,6.0,0.16881720430107527
16,6.0,0.2032258064516129
17,8.0,0.33440860215053764
18,5.0,0.23118279569892472
19,6.0,0.2053763440860215
20,6.0,0.27419354838709675
21,5.0,0.3
22,6.0,0.5043010752688172
23,6.0,0.33440860215053764
24,6.0,0.25483870967741934
25,8.0,0.14731182795698924
26,5.0,0.5387096774193548
27,5.0,0.5172043010752688
28,5.0,0.43548387096774194
29,5.0,0.4591397849462366
30,5.0,0.7451612903225806
31,6.0,0.1881720430107527
32,6.0,0.3817204301075269
33,6.0,0.20967741935483872
34,5.0,0.5086021505376344
35,5.0,0.4591397849462366
36,6.0,0.267741935483871
37,5.0,0.5021505376344086
38,5.0,0.43548387096774194
39,5.0,0.4032258064516129
40,6.0,0.32365591397849464
41,6.0,0.33440860215053764
42,6.0,0.24193548387096775
43,6.0,0.18387096774193548
44,6.0,0.20967741935483872
45,5.0,0.6827956989247311
46,6.0,0.2010752688172043
47,5.0,0.6010752688172043
48,5.0,0.2053763440860215
49,5.0,0.1881720430107527
50,1.0,0.13440860215053763
51,7.0,0.22473118279569892
52,6.0,0.1817204301075269
53,8.0,0.1774193548387097
54,8.0,0.2075268817204301
55,5.0,0.5967741935483871
56,6.0,0.24623655913978496
57,5.0,0.6311827956989248
58,6.0,0.3064516129032258
59,6.0,0.22688172043010751
60,5.0,0.46344086021505376
61,5.0,0.256989247311828
62,6.0,0.19032258064516128
63,3.0,0.46344086021505376
64,5.0,0.5451612903225806
65,6.0,0.267741935483871
66,6.0,0.25483870967741934
67,5.0,0.7387096774193549
68,6.0,0.15591397849462366
69,5.0,0.3473118279569892
70,5.0,0.5860215053763441
71,6.0,0.1881720430107527
72,6.0,0.15591397849462366
73,6.0,0.20967741935483872
74,5.0,0.43333333333333335
75,5.0,0.15376344086021507
76,6.0,0.1924731182795699
77,8.0,0.24193548387096775
78,8.0,0.25053763440860216
79,5.0,0.29354838709677417
80,8.0,0.20967741935483872
81,6.0,0.2032258064516129
82,8.0,0.29354838709677417
83,8.0,0.1989247311827957
84,4.0,0.16451612903225807
85,6.0,0.23548387096774193
86,5.0,0.2032258064516129
87,7.0,0.256989247311828
88,5.0,0.3279569892473118
89,6.0,0.20967741935483872
90,8.0,0.2075268817204301
91,4.0,0.25053763440860216
92,8.0,0.16236559139784945
93,5.0,0.3043010752688172
94,5.0,0.8462365591397849
95,8.0,0.25053763440860216
96,6.0,0.5860215053763441
97,9.0,0.19032258064516128
98,6.0,0.24623655913978496
99,6.0,0.33440860215053764
100,5.0,0.2118279569892473
101,7.0,0.3258064516129032
102,6.0,0.278494623655914
103,6.0,0.2010752688172043
104,5.0,0.3860215053763441
105,9.0,0.2161290322580645
106,3.0,0.18387096774193548
107,5.0,0.5924731182795699
108,5.0,0.4720430107526882
109,6.0,0.4720430107526882
110,6.0,0.14086021505376345
111,5.0,0.4978494623655914
112,8.0,0.2806451612903226
113,3.0,0.3258064516129032
114,9.0,0.24193548387096775
115,6.0,0.24623655913978496
116,1.0,0.15161290322580645
117,1.0,0.18387096774193548
118,5.0,0.23118279569892472
119,5.0,0.5193548387096775
120,1.0,0.17956989247311828
121,8.0,0.3021505376344086
122,6.0,0.29354838709677417
123,7.0,0.2032258064516129
124,6.0,0.2913978494623656
125,5.0,0.289247311827957
126,6.0,0.3580645161290323
127,8.0,0.2698924731182796
128,4.0,0.23118279569892472
129,8.0,0.2010752688172043
130,6.0,0.23548387096774193
131,8.0,0.23118279569892472
132,6.0,0.22688172043010751
133,5.0,0.4075268817204301
134,5.0,0.5408602150537635
135,6.0,0.24193548387096775
136,6.0,0.21827956989247313
137,6.0,0.256989247311828
138,4.0,0.2032258064516129
139,8.0,0.2806451612903226
140,8.0,0.22903225806451613
141,5.0,0.5795698924731183
142,6.0,0.4010752688172043
143,7.0,0.23333333333333334
144,8.0,0.1989247311827957
145,6.0,0.553763440860215
146,5.0,0.635483870967742
147,6.0,0.2075268817204301
148,6.0,0.24193548387096775
149,5.0,0.5021505376344086
150,6.0,0.28279569892473116
151,6.0,0.1967741935483871
152,6.0,0.22473118279569892
153,8.0,0.3021505376344086
154,5.0,0.7344086021505376
155,6.0,0.2698924731182796
156,7.0,0.310752688172043
157,5.0,0.26559139784946234
158,6.0,0.289247311827957
159,8.0,0.2118279569892473
160,8.0,0.15376344086021507
161,6.0,0.3473118279569892
162,6.0,0.2849462365591398
163,8.0,0.2032258064516129
164,6.0,0.3021505376344086
165,6.0,0.15591397849462366
166,6.0,0.1989247311827957
167,5.0,0.26559139784946234
168,5.0,0.15161290322580645
169,6.0,0.15591397849462366
170,8.0,0.23333333333333334
171,6.0,0.3387096774193548
172,6.0,0.25268817204301075
173,6.0,0.46344086021505376
174,1.0,0.5064516129032258
175,6.0,0.24408602150537634
176,5.0,0.5838709677419355
177,6.0,0.2161290322580645
178,6.0,0.19462365591397848
179,8.0,0.2032258064516129
180,6.0,0.3086021505376344
181,5.0,0.24623655913978496
182,5.0,0.4591397849462366
183,6.0,0.25268817204301075
184,5.0,0.35161290322580646
185,5.0,0.5021505376344086
186,6.0,0.5
187,5.0,0.256989247311828
188,5.0,0.4978494623655914
189,6.0,0.1881720430107527
190,5.0,0.3881720430107527
191,6.0,0.25053763440860216
192,6.0,0.25053763440860216
193,5.0,0.5344086021505376
194,6.0,0.3989247311827957
195,7.0,0.20967741935483872
196,6.0,0.3193548387096774
197,5.0,0.5645161290322581
198,6.0,0.1967741935483871
199,5.0,0.7344086021505376
200,5.0,0.635483870967742
201,8.0,0.45483870967741935
202,6.0,0.3064516129032258
203,5.0,0.2118279569892473
204,5.0,0.6290322580645161
205,5.0,0.4010752688172043
206,5.0,0.3193548387096774
207,1.0,0.29354838709677417
208,6.0,0.2053763440860215
209,8.0,0.6849462365591398
210,8.0,0.1774193548387097
211,5.0,0.2032258064516129
212,5.0,0.5494623655913978
213,9.0,0.1774193548387097
214,5.0,0.28279569892473116
215,1.0,0.27204301075268816
216,8.0,0.23118279569892472
217,8.0,0.2075268817204301
218,6.0,0.5387096774193548
219,8.0,0.32365591397849464
220,6.0,0.2010752688172043
221,3.0,0.19462365591397848
222,5.0,0.5064516129032258
223,8.0,0.21827956989247313
224,5.0,0.22043010752688172
225,7.0,0.26559139784946234
226,5.0,0.4720430107526882
227,5.0,0.2591397849462366
228,6.0,0.24838709677419354
229,5.0,0.21397849462365592
230,5.0,0.24193548387096775
231,5.0,0.33440860215053764
232,6.0,0.45483870967741935
233,6.0,0.26129032258064516
234,6.0,0.2849462365591398
235,3.0,0.32150537634408605
236,6.0,0.256989247311828
237,6.0,0.23333333333333334
238,5.0,0.3279569892473118
239,3.0,0.16236559139784945
240,6.0,0.2849462365591398
241,7.0,0.17096774193548386
242,6.0,0.32365591397849464
243,5.0,0.23118279569892472
244,4.0,0.16021505376344086
245,6.0,0.26344086021505375
246,6.0,0.3258064516129032
247,7.0,0.3924731182795699
248,7.0,0.2075268817204301
249,6.0,0.2806451612903226
250,6.0,0.2806451612903226
251,6.0,0.4161290322580645
252,6.0,0.3064516129032258
253,9.0,0.21397849462365592
254,5.0,0.7344086021505376
255,6.0,0.310752688172043
256,5.0,0.3946236559139785
257,5.0,0.6913978494623656
258,5.0,0.25053763440860216
259,6.0,0.14731182795698924
260,5.0,0.44623655913978494
261,5.0,0.3817204301075269
262,1.0,0.23333333333333334
263,8.0,0.22043010752688172
264,2.0,0.14086021505376345
265,5.0,0.26129032258064516
266,6.0,0.24193548387096775
267,8.0,0.37526881720430105
268,5.0,0.5021505376344086
269,5.0,0.21397849462365592
270,1.0,0.21827956989247313
271,5.0,0.29354838709677417
272,6.0,0.23763440860215054
273,6.0,0.28279569892473116
274,5.0,0.4698924731182796
275,6.0,0.26129032258064516
276,5.0,0.4591397849462366
277,6.0,0.3473118279569892
278,8.0,0.14731182795698924
279,5.0,0.3903225806451613
280,6.0,0.3580645161290323
281,8.0,0.2870967741935484
282,8.0,0.26559139784946234
283,6.0,0.26129032258064516
284,6.0,0.2591397849462366
285,6.0,0.289247311827957
286,5.0,0.41397849462365593
287,5.0,0.543010752688172
288,8.0,0.2118279569892473
289,6.0,0.2118279569892473
290,4.0,0.2763440860215054
291,5.0,0.5924731182795699
292,6.0,0.23978494623655913
293,6.0,0.22903225806451613
294,6.0,0.16666666666666666
295,5.0,0.678494623655914
296,8.0,0.2075268817204301
297,6.0,0.46559139784946235
298,1.0,0.22473118279569892
299,9.0,0.17311827956989248
300,6.0,0.22688172043010751
301,5.0,0.35376344086021505
302,6.0,0.5
303,8.0,0.35161290322580646
304,1.0,0.2075268817204301
305,3.0,0.16881720430107527
306,6.0,0.5
307,8.0,0.2161290322580645
308,6.0,0.2118279569892473
309,5.0,0.5516129032258065
310,5.0,0.4204301075268817
311,6.0,0.23763440860215054
312,5.0,0.9688172043010753
313,5.0,0.43333333333333335
314,6.0,0.2053763440860215
315,8.0,0.26344086021505375
316,1.0,0.1967741935483871
317,6.0,0.2075268817204301
318,6.0,0.3150537634408602
319,7.0,0.24408602150537634
320,8.0,0.22258064516129034
321,5.0,0.3258064516129032
322,6.0,0.2763440860215054
323,8.0,0.2913978494623656
324,5.0,0.34086021505376346
325,6.0,0.2032258064516129
326,5.0,0.5387096774193548
327,6.0,0.32150537634408605
328,8.0,0.20967741935483872
329,6.0,0.2591397849462366
330,5.0,0.22903225806451613
331,5.0,0.4096774193548387
332,8.0,0.5408602150537635
333,6.0,0.22903225806451613
334,6.0,0.2806451612903226
335,6.0,0.25483870967741934
336,1.0,0.16666666666666666
337,6.0,0.22043010752688172
338,5.0,0.7322580645161291
339,8.0,0.24623655913978496
340,5.0,0.5752688172043011
341,6.0,0.24408602150537634
342,6.0,0.15806451612903225
343,5.0,0.43548387096774194
344,6.0,0.18387096774193548
345,5.0,0.3021505376344086
346,7.0,0.25053763440860216
347,5.0,0.4311827956989247
348,6.0,0.25483870967741934
349,5.0,0.36451612903225805
350,6.0,0.21827956989247313
351,6.0,0.289247311827957
352,5.0,0.5021505376344086
353,5.0,0.635483870967742
354,6.0,0.2956989247311828
355,6.0,0.23978494623655913
356,5.0,0.21827956989247313
357,6.0,0.17311827956989248
358,6.0,0.267741935483871
359,6.0,0.3817204301075269
360,5.0,0.7881720430107527
361,6.0,0.3043010752688172
362,8.0,0.26344086021505375
363,5.0,0.3365591397849462
364,5.0,0.6333333333333333
365,6.0,0.3193548387096774
366,2.0,0.1817204301075269
367,5.0,0.5021505376344086
368,7.0,0.21827956989247313
369,6.0,0.24623655913978496
370,6.0,0.18387096774193548
371,5.0,0.16236559139784945
372,6.0,0.24623655913978496
373,5.0,0.23763440860215054
374,8.0,0.278494623655914
375,5.0,0.7365591397849462
376,6.0,0.289247311827957
377,7.0,0.26129032258064516
378,6.0,0.2591397849462366
379,6.0,0.19032258064516128
380,9.0,0.21397849462365592
381,5.0,0.46774193548387094
382,5.0,0.5408602150537635
383,5.0,0.2698924731182796
384,6.0,0.25053763440860216
385,8.0,0.25483870967741934
386,5.0,0.3817204301075269
387,7.0,0.26344086021505375
388,6.0,0.19032258064516128
389,6.0,0.2870967741935484
390,9.0,0.16021505376344086
391,6.0,0.3473118279569892
392,5.0,0.3021505376344086
393,3.0,0.1817204301075269
394,5.0,0.6397849462365591
395,7.0,0.23548387096774193
396,9.0,0.16881720430107527
397,7.0,0.2763440860215054
398,6.0,0.2763440860215054
399,8.0,0.17311827956989248
400,6.0,0.3580645161290323
401,5.0,0.2118279569892473
402,6.0,0.4612903225806452
403,5.0,0.6806451612903226
404,4.0,0.23763440860215054
405,5.0,0.4397849462365591
406,6.0,0.34301075268817205
407,6.0,0.3086021505376344
408,5.0,0.22688172043010751
409,6.0,0.25268817204301075
410,5.0,0.23333333333333334
411,6.0,0.3086021505376344
412,4.0,0.23118279569892472
413,3.0,0.3064516129032258
414,5.0,0.19462365591397848
415,6.0,0.27419354838709675
416,9.0,0.16881720430107527
417,5.0,0.5838709677419355
418,6.0,0.17096774193548386
419,6.0,0.21397849462365592
420,6.0,0.27204301075268816
421,5.0,0.5150537634408602
422,6.0,0.24408602150537634
423,6.0,0.3946236559139785
424,6.0,0.24408602150537634
425,7.0,0.16666666666666666
426,6.0,0.2849462365591398
427,5.0,0.3258064516129032
428,6.0,0.5172043010752688
429,5.0,0.17526881720430107
430,5.0,0.22903225806451613
431,1.0,0.35591397849462364
432,6.0,0.34301075268817205
433,8.0,0.16451612903225807
434,5.0,0.8462365591397849
435,9.0,0.1967741935483871
436,8.0,0.2806451612903226
437,8.0,0.25268817204301075
438,6.0,0.22473118279569892
439,5.0,0.6419354838709678
440,3.0,0.1967741935483871
441,7.0,0.256989247311828
442,5.0,0.7344086021505376
443,5.0,0.1881720430107527
444,1.0,0.23548387096774193
445,4.0,0.17096774193548386
446,5.0,0.37311827956989246
447,5.0,0.25053763440860216
448,8.0,0.1967741935483871
449,5.0,0.5451612903225806
450,5.0,0.7387096774193549
451,6.0,0.256989247311828
452,5.0,0.5860215053763441
453,6.0,0.24193548387096775
454,6.0,0.26559139784946234
455,6.0,0.31290322580645163
456,5.0,0.23548387096774193
457,7.0,0.23548387096774193
458,5.0,0.5064516129032258
459,7.0,0.16236559139784945
460,5.0,0.4505376344086022
461,6.0,0.24193548387096775
462,5.0,0.4096774193548387
463,1.0,0.310752688172043
464,5.0,0.2591397849462366
465,8.0,0.2118279569892473
466,6.0,0.22043010752688172
467,5.0,0.3387096774193548
468,6.0,0.1817204301075269
469,6.0,0.3903225806451613
470,6.0,0.16666666666666666
471,5.0,0.2698924731182796
472,6.0,0.23978494623655913
473,5.0,0.4182795698924731
474,5.0,0.32150537634408605
475,8.0,0.1881720430107527
476,6.0,0.2913978494623656
477,6.0,0.27204301075268816
478,5.0,0.5451612903225806
479,5.0,0.6913978494623656
480,6.0,0.489247311827957
481,4.0,0.20967741935483872
482,6.0,0.2053763440860215
483,5.0,0.5408602150537635
484,1.0,0.1967741935483871
485,6.0,0.21397849462365592
486,5.0,0.5817204301075268
487,7.0,0.3602150537634409
488,5.0,0.5451612903225806
489,5.0,0.5408602150537635
490,6.0,0.3043010752688172
491,5.0,0.5924731182795699
492,8.0,0.3258064516129032
493,5.0,0.5365591397849462
494,5.0,0.3279569892473118
495,5.0,0.4096774193548387
496,5.0,0.5903225806451613
497,6.0,0.4161290322580645
498,6.0,0.3301075268817204
499,6.0,0.4182795698924731
500,5.0,0.25268817204301075
501,6.0,0.2053763440860215
502,5.0,0.4698924731182796
503,9.0,0.267741935483871
504,5.0,0.5924731182795699
505,8.0,0.14731182795698924
506,6.0,0.3086021505376344
507,6.0,0.2161290322580645
508,8.0,0.24408602150537634
509,2.0,0.15806451612903225
510,6.0,0.15806451612903225
511,5.0,0.6290322580645161
512,6.0,0.289247311827957
513,8.0,0.2956989247311828
514,6.0,0.35591397849462364
515,5.0,0.46559139784946235
516,8.0,0.17956989247311828
517,5.0,0.7903225806451613
518,6.0,0.24193548387096775
519,6.0,0.1967741935483871
520,8.0,0.256989247311828
521,5.0,0.24408602150537634
522,7.0,0.17956989247311828
523,5.0,0.3580645161290323
524,8.0,0.5
525,5.0,0.6806451612903226
526,9.0,0.4612903225806452
527,6.0,0.2075268817204301
528,6.0,0.3881720430107527
529,5.0,0.553763440860215
530,6.0,0.19462365591397848
531,6.0,0.2118279569892473
532,7.0,0.17096774193548386
533,6.0,0.21827956989247313
534,6.0,0.25483870967741934
535,7.0,0.25483870967741934
536,8.0,0.17311827956989248
537,1.0,0.17311827956989248
538,5.0,0.38387096774193546
539,6.0,0.17311827956989248
540,5.0,0.4075268817204301
541,6.0,0.2118279569892473
542,6.0,0.17311827956989248
543,5.0,0.5516129032258065
544,5.0,0.7881720430107527
545,5.0,0.3387096774193548
546,6.0,0.37311827956989246
547,5.0,0.45483870967741935
548,8.0,0.21397849462365592
549,1.0,0.16451612903225807
550,5.0,0.6290322580645161
551,8.0,0.37526881720430105
552,6.0,0.4290322580645161
553,6.0,0.3602150537634409
554,7.0,0.24623655913978496
555,6.0,0.15806451612903225
556,6.0,0.2870967741935484
557,6.0,0.46774193548387094
558,8.0,0.2010752688172043
559,5.0,0.6311827956989248
560,6.0,0.19032258064516128
561,8.0,0.2806451612903226
562,6.0,0.26129032258064516
563,5.0,0.47634408602150535
564,6.0,0.5473118279569893
565,8.0,0.15591397849462366
566,6.0,0.25053763440860216
567,6.0,0.24838709677419354
568,5.0,0.7903225806451613
569,5.0,0.2978494623655914
570,8.0,0.15806451612903225
571,5.0,0.2870967741935484
572,5.0,0.45483870967741935
573,6.0,0.27204301075268816
574,8.0,0.25268817204301075
575,8.0,0.17096774193548386
576,9.0,0.1924731182795699
577,8.0,0.21827956989247313
578,8.0,0.3150537634408602
579,8.0,0.2010752688172043
580,5.0,0.4290322580645161
581,5.0,0.553763440860215
582,3.0,0.15806451612903225
583,5.0,0.3924731182795699
584,8.0,0.4591397849462366
585,6.0,0.2118279569892473
586,3.0,0.14086021505376345
587,6.0,0.3064516129032258
588,6.0,0.20967741935483872
589,6.0,0.3064516129032258
590,1.0,0.3021505376344086
591,6.0,0.3064516129032258
592,4.0,0.1924731182795699
593,7.0,0.3172043010752688
594,5.0,0.5064516129032258
595,6.0,0.23548387096774193
596,7.0,0.6311827956989248
597,9.0,0.22903225806451613
598,5.0,0.24408602150537634
599,9.0,0.1817204301075269
600,5.0,0.27204301075268816
601,6.0,0.2032258064516129
602,6.0,0.32150537634408605
603,5.0,0.23978494623655913
604,6.0,0.22903225806451613
605,5.0,0.5086021505376344
606,5.0,0.4956989247311828
607,6.0,0.4053763440860215
608,8.0,0.26344086021505375
609,8.0,0.5387096774193548
610,5.0,0.36236559139784946
611,4.0,0.17526881720430107
612,5.0,0.24623655913978496
613,5.0,0.7903225806451613
614,7.0,0.2763440860215054
615,5.0,0.5860215053763441
616,5.0,0.5473118279569893
617,5.0,0.1881720430107527
618,5.0,0.3387096774193548
619,8.0,0.35376344086021505
620,6.0,0.21397849462365592
621,5.0,0.3279569892473118
622,2.0,0.1989247311827957
623,6.0,0.43548387096774194
624,8.0,0.7881720430107527
625,1.0,0.17526881720430107
626,6.0,0.2010752688172043
627,4.0,0.17956989247311828
628,6.0,0.3150537634408602
629,6.0,0.36451612903225805
630,6.0,0.31290322580645163
631,7.0,0.3279569892473118
632,5.0,0.6311827956989248
633,6.0,0.25483870967741934
634,6.0,0.34301075268817205
635,5.0,0.3795698924731183
636,5.0,0.5473118279569893
637,6.0,0.22903225806451613
638,5.0,0.5387096774193548
639,6.0,0.22688172043010751
640,7.0,0.21397849462365592
641,6.0,0.3064516129032258
642,6.0,0.15376344086021507
643,5.0,0.4397849462365591
644,6.0,0.24193548387096775
645,6.0,0.18387096774193548
646,6.0,0.1989247311827957
647,5.0,0.23548387096774193
648,8.0,0.1989247311827957
649,6.0,0.34301075268817205
650,8.0,0.2806451612903226
651,8.0,0.5451612903225806
652,5.0,0.21827956989247313
653,7.0,0.3860215053763441
654,5.0,0.33440860215053764
655,2.0,0.14086021505376345
656,9.0,0.35161290322580646
657,6.0,0.2591397849462366
658,6.0,0.18387096774193548
659,6.0,0.23548387096774193
660,8.0,0.22258064516129034
661,6.0,0.22903225806451613
662,5.0,0.5408602150537635
663,6.0,0.2978494623655914
664,6.0,0.25483870967741934
665,5.0,0.5860215053763441
666,3.0,0.15376344086021507
667,6.0,0.267741935483871
668,6.0,0.32365591397849464
669,6.0,0.19462365591397848
670,7.0,0.1817204301075269
671,7.0,0.36451612903225805
672,5.0,0.3580645161290323
673,6.0,0.46774193548387094
674,6.0,0.3903225806451613
675,7.0,0.26344086021505375
676,6.0,0.2032258064516129
677,7.0,0.23333333333333334
678,5.0,0.23118279569892472
679,8.0,0.28279569892473116
680,6.0,0.3387096774193548
681,3.0,0.14731182795698924
682,5.0,0.43548387096774194
683,5.0,0.46344086021505376
684,5.0,0.5129032258064516
685,6.0,0.1860215053763441
686,6.0,0.3473118279569892
687,6.0,0.2118279569892473
688,8.0,0.3258064516129032
689,6.0,0.3301075268817204
690,5.0,0.5408602150537635
691,6.0,0.3473118279569892
692,6.0,0.310752688172043
693,6.0,0.489247311827957
694,6.0,0.3473118279569892
695,6.0,0.289247311827957
696,5.0,0.5473118279569893
697,5.0,0.28279569892473116
698,6.0,0.1881720430107527
699,5.0,0.36666666666666664
700,6.0,0.278494623655914
701,8.0,0.3172043010752688
702,8.0,0.1817204301075269
703,8.0,0.23763440860215054
704,5.0,0.19032258064516128
705,5.0,0.5967741935483871
706,5.0,0.2591397849462366
707,8.0,0.3860215053763441
708,6.0,0.3387096774193548
709,3.0,0.2978494623655914
710,7.0,0.45698924731182794
711,5.0,0.2913978494623656
712,6.0,0.23763440860215054
713,6.0,0.3946236559139785
714,5.0,0.44623655913978494
715,1.0,0.4204301075268817
716,5.0,0.6849462365591398
717,5.0,0.3946236559139785
718,6.0,0.5817204301075268
719,7.0,0.15161290322580645
720,6.0,0.2053763440860215
721,6.0,0.33440860215053764
722,8.0,0.2161290322580645
723,6.0,0.1774193548387097
724,6.0,0.4182795698924731
725,7.0,0.3473118279569892
726,5.0,0.5860215053763441
727,6.0,0.3150537634408602
728,8.0,0.2913978494623656
729,8.0,0.16021505376344086
730,5.0,0.41397849462365593
731,5.0,0.7344086021505376
732,5.0,0.478494623655914
733,6.0,0.1860215053763441
734,6.0,0.3602150537634409
735,8.0,0.7344086021505376
736,6.0,0.2978494623655914
737,9.0,0.19032258064516128
738,5.0,0.6849462365591398
739,5.0,0.36666666666666664
740,7.0,0.3043010752688172
741,6.0,0.5451612903225806
742,5.0,0.2913978494623656
743,8.0,0.34301075268817205
744,5.0,0.6849462365591398
745,7.0,0.22903225806451613
746,5.0,0.42258064516129035
747,5.0,0.5451612903225806
748,8.0,0.2763440860215054
749,6.0,0.22903225806451613
750,6.0,0.4311827956989247
751,6.0,0.289247311827957
752,6.0,0.33440860215053764
753,5.0,0.4161290322580645
754,6.0,0.23548387096774193
755,6.0,0.16021505376344086
756,6.0,0.36451612903225805
757,7.0,0.2161290322580645
758,6.0,0.27419354838709675
759,7.0,0.22688172043010751
760,5.0,0.43548387096774194
761,6.0,0.34516129032258064
762,8.0,0.3172043010752688
763,4.0,0.22473118279569892
764,5.0,0.2032258064516129
765,5.0,0.6397849462365591
766,1.0,0.1860215053763441
767,6.0,0.278494623655914
768,6.0,0.1967741935483871
769,5.0,0.23763440860215054
770,6.0,0.3602150537634409
771,8.0,0.5903225806451613
772,9.0,0.1881720430107527
773,5.0,0.1774193548387097
774,6.0,0.16451612903225807
775,5.0,0.5451612903225806
776,6.0,0.2763440860215054
777,6.0,0.2075268817204301
778,6.0,0.3709677419354839
779,4.0,0.21827956989247313
780,5.0,0.36451612903225805
781,3.0,0.16236559139784945
782,6.0,0.2870967741935484
783,5.0,0.4483870967741935
784,6.0,0.2698924731182796
785,5.0,0.5172043010752688
786,6.0,0.510752688172043
787,7.0,0.29354838709677417
788,6.0,0.4096774193548387
789,7.0,0.3150537634408602
790,6.0,0.2118279569892473
791,5.0,0.635483870967742
792,8.0,0.2763440860215054
793,6.0,0.24193548387096775
794,6.0,0.2075268817204301
795,6.0,0.23978494623655913
796,7.0,0.23118279569892472
797,6.0,0.3860215053763441
798,6.0,0.2010752688172043
799,6.0,0.19462365591397848
800,6.0,0.29354838709677417
801,6.0,0.36236559139784946
802,5.0,0.26559139784946234
803,6.0,0.36451612903225805
804,7.0,0.46344086021505376
805,6.0,0.22903225806451613
806,8.0,0.1989247311827957
807,6.0,0.18387096774193548
808,5.0,0.635483870967742
809,5.0,0.6806451612903226
810,5.0,0.36236559139784946
811,8.0,0.34301075268817205
812,6.0,0.23548387096774193
813,8.0,0.2978494623655914
814,8.0,0.1774193548387097
815,7.0,0.5494623655913978
816,6.0,0.3989247311827957
817,7.0,0.17526881720430107
818,5.0,0.6806451612903226
819,5.0,0.6010752688172043
820,6.0,0.33225806451612905
821,6.0,0.17096774193548386
822,6.0,0.22258064516129034
823,2.0,0.15806451612903225
824,7.0,0.1967741935483871
825,5.0,0.21397849462365592
826,1.0,0.5
827,5.0,0.38387096774193546
828,6.0,0.2913978494623656
829,3.0,0.14731182795698924
830,6.0,0.2075268817204301
831,6.0,0.41397849462365593
832,6.0,0.16236559139784945
833,5.0,0.17526881720430107
834,5.0,0.3580645161290323
835,5.0,0.7946236559139785
836,6.0,0.289247311827957
837,6.0,0.29354838709677417
838,1.0,0.17311827956989248
839,5.0,0.45698924731182794
840,5.0,0.510752688172043
841,6.0,0.31290322580645163
842,6.0,0.29354838709677417
843,5.0,0.5
844,5.0,0.4161290322580645
845,6.0,0.2849462365591398
846,6.0,0.2591397849462366
847,6.0,0.23763440860215054
848,8.0,0.1967741935483871
849,6.0,0.29354838709677417
850,5.0,0.6311827956989248
851,8.0,0.21827956989247313
852,6.0,0.27204301075268816
853,6.0,0.5193548387096775
854,6.0,0.35161290322580646
855,6.0,0.36236559139784946
856,9.0,0.1989247311827957
857,5.0,0.7344086021505376
858,6.0,0.34946236559139787
859,1.0,0.2010752688172043
860,6.0,0.25053763440860216
861,5.0,0.6827956989247311
862,5.0,0.3172043010752688
863,5.0,0.35161290322580646
864,5.0,0.9064516129032258
865,6.0,0.43548387096774194
866,6.0,0.25268817204301075
867,1.0,0.33225806451612905
868,6.0,0.2870967741935484
869,5.0,0.5
870,6.0,0.3365591397849462
871,6.0,0.15376344086021507
872,6.0,0.32365591397849464
873,5.0,0.4698924731182796
874,7.0,0.14516129032258066
875,4.0,0.17311827956989248
876,6.0,0.3580645161290323
877,5.0,0.4204301075268817
878,6.0,0.5021505376344086
879,6.0,0.17096774193548386
880,1.0,0.2849462365591398
881,6.0,0.1774193548387097
882,5.0,0.4612903225806452
883,6.0,0.3064516129032258
884,7.0,0.2032258064516129
885,6.0,0.4591397849462366
886,6.0,0.22688172043010751
887,7.0,0.1860215053763441
888,8.0,0.46344086021505376
889,6.0,0.23118279569892472
890,8.0,0.2053763440860215
891,6.0,0.34516129032258064
892,6.0,0.25053763440860216
893,6.0,0.4182795698924731
894,6.0,0.41397849462365593
895,6.0,0.27204301075268816
896,6.0,0.24838709677419354
897,5.0,0.5881720430107527
898,8.0,0.18387096774193548
899,5.0,0.22043010752688172
900,6.0,0.24193548387096775
901,6.0,0.3021505376344086
902,6.0,0.23548387096774193
903,5.0,0.3021505376344086
904,8.0,0.22043010752688172
905,7.0,0.2161290322580645
906,6.0,0.3903225806451613
907,5.0,0.34946236559139787
908,6.0,0.34301075268817205
909,5.0,0.5494623655913978
910,7.0,0.22903225806451613
911,5.0,0.33440860215053764
912,6.0,0.24408602150537634
913,8.0,0.25053763440860216
914,5.0,0.4204301075268817
915,6.0,0.4483870967741935
916,8.0,0.17311827956989248
917,6.0,0.4612903225806452
918,6.0,0.4376344086021505
919,7.0,0.3602150537634409
920,6.0,0.23118279569892472
921,1.0,0.24193548387096775
922,9.0,0.35591397849462364
923,8.0,0.26344086021505375
924,5.0,0.4591397849462366
925,8.0,0.21827956989247313
926,6.0,0.22903225806451613
927,5.0,0.2591397849462366
928,6.0,0.16021505376344086
929,6.0,0.256989247311828
930,6.0,0.46344086021505376
931,6.0,0.3903225806451613
932,6.0,0.21827956989247313
933,6.0,0.4376344086021505
934,5.0,0.1817204301075269
935,7.0,0.22688172043010751
936,6.0,0.2978494623655914
937,6.0,0.3279569892473118
938,6.0,0.3172043010752688
939,6.0,0.3064516129032258
940,6.0,0.32365591397849464
941,5.0,0.3258064516129032
942,7.0,0.2849462365591398
943,8.0,0.5387096774193548
944,8.0,0.15591397849462366
945,5.0,0.24623655913978496
946,6.0,0.3279569892473118
947,6.0,0.1774193548387097
948,7.0,0.3774193548387097
949,5.0,0.33225806451612905
950,6.0,0.5817204301075268
951,4.0,0.27419354838709675
952,8.0,0.19462365591397848
953,6.0,0.1860215053763441
954,6.0,0.18387096774193548
955,6.0,0.1989247311827957
956,5.0,0.5645161290322581
957,5.0,0.543010752688172
958,6.0,0.6849462365591398
959,5.0,0.4053763440860215
960,6.0,0.4505376344086022
961,5.0,0.3172043010752688
962,6.0,0.29354838709677417
963,8.0,0.16451612903225807
964,6.0,0.3774193548387097
965,5.0,0.267741935483871
966,6.0,0.24193548387096775
967,5.0,0.34516129032258064
968,5.0,0.31290322580645163
969,5.0,0.5967741935483871
970,4.0,0.2806451612903226
971,5.0,0.5129032258064516
972,7.0,0.5924731182795699
973,6.0,0.4161290322580645
974,8.0,0.24838709677419354
975,8.0,0.45268817204301076
976,5.0,0.5451612903225806
977,8.0,0.2161290322580645
978,8.0,0.3860215053763441
979,9.0,0.16666666666666666
980,5.0,0.3709677419354839
981,6.0,0.3795698924731183
982,6.0,0.1924731182795699
983,1.0,0.3193548387096774
984,5.0,0.34516129032258064
985,8.0,0.22473118279569892
986,6.0,0.26344086021505375
987,6.0,0.19032258064516128
988,7.0,0.22043010752688172
989,6.0,0.24193548387096775
990,6.0,0.3817204301075269
991,5.0,0.5795698924731183
992,6.0,0.23763440860215054
993,5.0,0.5989247311827957
994,7.0,0.17526881720430107
995,9.0,0.1881720430107527
996,8.0,0.19462365591397848
997,6.0,0.3279569892473118
998,6.0,0.4161290322580645
999,5.0,0.2956989247311828
1000,6.0,0.16666666666666666
1001,5.0,0.25483870967741934
1002,5.0,0.6311827956989248
1003,1.0,0.2010752688172043
1004,6.0,0.25483870967741934
1005,6.0,0.4698924731182796
1006,5.0,0.8462365591397849
1007,5.0,0.21397849462365592
1008,9.0,0.26129032258064516
1009,5.0,0.5021505376344086
1010,2.0,0.19462365591397848
1011,6.0,0.2161290322580645
1012,5.0,0.510752688172043
1013,6.0,0.3150537634408602
1014,5.0,0.28279569892473116
1015,6.0,0.22903225806451613
1016,6.0,0.256989247311828
1017,6.0,0.256989247311828
1018,5.0,0.3172043010752688
1019,8.0,0.15161290322580645
1020,6.0,0.16666666666666666
1021,5.0,0.36666666666666664
1022,5.0,0.6376344086021506
1023,6.0,0.46344086021505376
1024,2.0,0.1967741935483871
1025,6.0,0.2870967741935484
1026,7.0,0.2032258064516129
1027,4.0,0.17956989247311828
1028,5.0,0.15161290322580645
1029,5.0,0.6806451612903226
1030,6.0,0.24623655913978496
1031,8.0,0.23978494623655913
1032,6.0,0.27419354838709675
1033,3.0,0.15376344086021507
1034,7.0,0.34086021505376346
1035,6.0,0.20967741935483872
1036,7.0,0.23978494623655913
1037,6.0,0.2763440860215054
1038,9.0,0.16881720430107527
1039,5.0,0.543010752688172
1040,6.0,0.27419354838709675
1041,6.0,0.2913978494623656
1042,5.0,0.46344086021505376
1043,6.0,0.2161290322580645
1044,9.0,0.22043010752688172
1045,3.0,0.2161290322580645
1046,6.0,0.267741935483871
1047,5.0,0.46774193548387094
1048,1.0,0.2161290322580645
1049,5.0,0.7322580645161291
1050,4.0,0.20967741935483872
1051,7.0,0.21397849462365592
1052,5.0,0.6333333333333333
1053,5.0,0.2806451612903226
1054,6.0,0.2870967741935484
1055,6.0,0.2118279569892473
1056,6.0,0.35591397849462364
1057,4.0,0.2053763440860215
1058,5.0,0.310752688172043
1059,5.0,0.32150537634408605
1060,5.0,0.6376344086021506
1061,8.0,0.3924731182795699
1062,5.0,0.25483870967741934
1063,6.0,0.19032258064516128
1064,6.0,0.1967741935483871
1065,6.0,0.26559139784946234
1066,6.0,0.23118279569892472
1067,7.0,0.16881720430107527
1068,8.0,0.23333333333333334
1069,5.0,0.45698924731182794
1070,1.0,0.35591397849462364
1071,6.0,0.23333333333333334
1072,5.0,0.5064516129032258
1073,4.0,0.17956989247311828
1074,5.0,0.635483870967742
1075,9.0,0.23548387096774193
1076,5.0,0.5043010752688172
1077,6.0,0.35376344086021505
1078,6.0,0.35591397849462364
1079,8.0,0.19032258064516128
1080,2.0,0.17311827956989248
1081,5.0,0.3989247311827957
1082,5.0,0.7903225806451613
1083,5.0,0.35376344086021505
1084,3.0,0.14946236559139786
1085,8.0,0.16451612903225807
1086,7.0,0.25483870967741934
1087,9.0,0.1774193548387097
1088,6.0,0.1989247311827957
1089,6.0,0.17526881720430107
1090,1.0,0.256989247311828
1091,6.0,0.14946236559139786
1092,8.0,0.16021505376344086
1093,3.0,0.2698924731182796
1094,6.0,0.16881720430107527
1095,1.0,0.24623655913978496
1096,6.0,0.18387096774193548
1097,6.0,0.256989247311828
1098,9.0,0.1924731182795699
1099,5.0,0.635483870967742
1100,5.0,0.5860215053763441
1101,7.0,0.14946236559139786
1102,5.0,0.4032258064516129
1103,6.0,0.37526881720430105
1104,6.0,0.31290322580645163
1105,8.0,0.16666666666666666
1106,6.0,0.24193548387096775
1107,4.0,0.2010752688172043
1108,5.0,0.2806451612903226
1109,7.0,0.3258064516129032
1110,7.0,0.23978494623655913
1111,6.0,0.2161290322580645
1112,5.0,0.3688172043010753
1113,6.0,0.14731182795698924
1114,8.0,0.21827956989247313
1115,5.0,0.4032258064516129
1116,6.0,0.21397849462365592
1117,5.0,0.41397849462365593
1118,1.0,0.5129032258064516
1119,6.0,0.1989247311827957
1120,6.0,0.3258064516129032
1121,5.0,0.3795698924731183
1122,5.0,0.5129032258064516
1123,6.0,0.22903225806451613
1124,5.0,0.22688172043010751
1125,6.0,0.23333333333333334
1126,5.0,0.3086021505376344
1127,6.0,0.23333333333333334
1128,5.0,0.5494623655913978
1129,6.0,0.17956989247311828
1130,6.0,0.33225806451612905
1131,6.0,0.3817204301075269
1132,6.0,0.15591397849462366
1133,5.0,0.278494623655914
1134,6.0,0.31290322580645163
1135,6.0,0.1860215053763441
1136,8.0,0.23548387096774193
1137,5.0,0.6333333333333333
1138,5.0,0.510752688172043
1139,9.0,0.16881720430107527
1140,6.0,0.22043010752688172
1141,5.0,0.3387096774193548
1142,5.0,0.4591397849462366
1143,6.0,0.18387096774193548
1144,5.0,0.1881720430107527
1145,6.0,0.21827956989247313
1146,9.0,0.15161290322580645
1147,9.0,0.17096774193548386
1148,5.0,0.6311827956989248
1149,1.0,0.2118279569892473
1150,5.0,0.37311827956989246
1151,7.0,0.18387096774193548
1152,6.0,0.3881720430107527
1153,6.0,0.267741935483871
1154,8.0,0.23978494623655913
1155,5.0,0.34516129032258064
1156,4.0,0.16666666666666666
1157,8.0,0.5494623655913978
1158,3.0,0.3774193548387097
1159,6.0,0.34946236559139787
1160,6.0,0.2010752688172043
1161,5.0,0.36451612903225805
1162,5.0,0.24408602150537634
1163,6.0,0.5817204301075268
1164,6.0,0.23118279569892472
1165,5.0,0.21827956989247313
1166,7.0,0.35376344086021505
1167,6.0,0.1924731182795699
1168,8.0,0.19032258064516128
1169,8.0,0.24838709677419354
1170,5.0,0.1817204301075269
1171,6.0,0.23333333333333334
1172,5.0,0.24838709677419354
1173,6.0,0.21397849462365592
1174,6.0,0.3172043010752688
1175,5.0,0.2591397849462366
1176,5.0,0.5881720430107527
1177,5.0,0.7344086021505376
1178,7.0,0.16666666666666666
1179,8.0,0.6311827956989248
1180,5.0,0.16021505376344086
1181,6.0,0.3881720430107527
1182,1.0,0.22903225806451613
1183,5.0,0.1989247311827957
1184,5.0,0.6827956989247311
1185,5.0,0.6419354838709678
1186,5.0,0.6096774193548387
1187,4.0,0.22258064516129034
1188,6.0,0.3903225806451613
1189,5.0,0.5860215053763441
1190,5.0,0.3946236559139785
1191,5.0,0.5817204301075268
1192,8.0,0.22473118279569892
1193,5.0,0.5387096774193548
1194,5.0,0.6376344086021506
1195,7.0,0.2053763440860215
1196,5.0,0.4935483870967742
1197,5.0,0.3
1198,9.0,0.1881720430107527
1199,6.0,0.23118279569892472
1200,3.0,0.4268817204301075
1201,5.0,0.3301075268817204
1202,8.0,0.28279569892473116
1203,6.0,0.23548387096774193
1204,6.0,0.3064516129032258
1205,8.0,0.2161290322580645
1206,5.0,0.46559139784946235
1207,2.0,0.20967741935483872
1208,6.0,0.22903225806451613
1209,4.0,0.17956989247311828
1210,9.0,0.25483870967741934
1211,8.0,0.1774193548387097
1212,6.0,0.2870967741935484
1213,6.0,0.1924731182795699
1214,6.0,0.31290322580645163
1215,5.0,0.4075268817204301
1216,8.0,0.5860215053763441
1217,5.0,0.635483870967742
1218,6.0,0.3860215053763441
1219,5.0,0.3172043010752688
1220,8.0,0.4204301075268817
1221,6.0,0.26129032258064516
1222,8.0,0.3301075268817204
1223,8.0,0.26344086021505375
1224,8.0,0.24838709677419354
1225,6.0,0.26559139784946234
1226,6.0,0.46774193548387094
1227,5.0,0.1881720430107527
1228,6.0,0.16666666666666666
1229,6.0,0.16236559139784945
1230,5.0,0.4268817204301075
1231,5.0,0.5451612903225806
1232,6.0,0.2806451612903226
1233,6.0,0.19462365591397848
1234,5.0,0.5344086021505376
1235,6.0,0.2591397849462366
1236,4.0,0.23978494623655913
1237,5.0,0.3150537634408602
1238,5.0,0.2118279569892473
1239,6.0,0.5193548387096775
1240,5.0,0.41397849462365593
1241,3.0,0.15161290322580645
1242,6.0,0.19462365591397848
1243,6.0,0.22258064516129034
1244,5.0,0.22903225806451613
1245,6.0,0.278494623655914
1246,6.0,0.16666666666666666
1247,5.0,0.3795698924731183
1248,5.0,0.22258064516129034
1249,6.0,0.3860215053763441
1250,6.0,0.1774193548387097
1251,5.0,0.4612903225806452
1252,6.0,0.3580645161290323
1253,5.0,0.46774193548387094
1254,5.0,0.5365591397849462
1255,5.0,0.5365591397849462
1256,6.0,0.25483870967741934
1257,5.0,0.4935483870967742
1258,7.0,0.18387096774193548
1259,6.0,0.17956989247311828
1260,3.0,0.20967741935483872
1261,6.0,0.25483870967741934
1262,6.0,0.25483870967741934
1263,5.0,0.6806451612903226
1264,9.0,0.21397849462365592
1265,5.0,0.1860215053763441
1266,6.0,0.1817204301075269
1267,5.0,0.5838709677419355
1268,5.0,0.6096774193548387
1269,5.0,0.7344086021505376
1270,8.0,0.289247311827957
1271,5.0,0.22688172043010751
1272,5.0,0.2763440860215054
1273,6.0,0.15161290322580645
1274,6.0,0.32150537634408605
1275,6.0,0.4913978494623656
1276,5.0,0.46774193548387094
1277,5.0,0.6096774193548387
1278,5.0,0.20967741935483872
1279,5.0,0.3279569892473118
1280,5.0,0.4720430107526882
1281,8.0,0.16666666666666666
1282,1.0,0.1817204301075269
1283,6.0,0.4376344086021505
1284,6.0,0.256989247311828
1285,5.0,0.6311827956989248
1286,6.0,0.2978494623655914
1287,8.0,0.20967741935483872
1288,8.0,0.2913978494623656
1289,6.0,0.3086021505376344
1290,6.0,0.2870967741935484
1291,7.0,0.45268817204301076
1292,5.0,0.7903225806451613
1293,6.0,0.5838709677419355
1294,5.0,0.6870967741935484
1295,7.0,0.19032258064516128
1296,6.0,0.4010752688172043
1297,5.0,0.5
1298,6.0,0.13870967741935483
1299,1.0,0.1924731182795699
1300,5.0,0.4978494623655914
1301,6.0,0.1967741935483871
1302,6.0,0.17956989247311828
1303,6.0,0.5881720430107527
1304,7.0,0.3795698924731183
1305,6.0,0.17096774193548386
1306,6.0,0.23978494623655913
1307,8.0,0.19462365591397848
1308,6.0,0.3580645161290323
1309,8.0,0.2978494623655914
1310,7.0,0.1881720430107527
1311,6.0,0.17311827956989248
1312,1.0,0.2161290322580645
1313,7.0,0.13225806451612904
1314,5.0,0.2698924731182796
1315,5.0,0.25268817204301075
1316,6.0,0.2978494623655914
1317,7.0,0.635483870967742
1318,6.0,0.3193548387096774
1319,6.0,0.4311827956989247
1320,6.0,0.3064516129032258
1321,3.0,0.16451612903225807
1322,6.0,0.3301075268817204
1323,6.0,0.21827956989247313
1324,5.0,0.2010752688172043
1325,5.0,0.3301075268817204
1326,6.0,0.18387096774193548
1327,1.0,0.5387096774193548
1328,3.0,0.1817204301075269
1329,6.0,0.46344086021505376
1330,7.0,0.1924731182795699
1331,7.0,0.2032258064516129
1332,6.0,0.1967741935483871
1333,2.0,0.1989247311827957
1334,8.0,0.2698924731182796
1335,6.0,0.2806451612903226
1336,5.0,0.543010752688172
1337,6.0,0.42473118279569894
1338,6.0,0.20967741935483872
1339,6.0,0.42258064516129035
1340,8.0,0.2118279569892473
1341,8.0,0.22688172043010751
1342,6.0,0.21827956989247313
1343,6.0,0.17526881720430107
1344,6.0,0.23333333333333334
1345,6.0,0.2053763440860215
1346,6.0,0.3473118279569892
1347,6.0,0.27419354838709675
1348,3.0,0.1774193548387097
1349,5.0,0.7946236559139785
1350,5.0,0.7322580645161291
1351,5.0,0.43333333333333335
1352,6.0,0.4612903225806452
1353,5.0,0.5387096774193548
1354,5.0,0.6010752688172043
1355,7.0,0.23763440860215054
1356,8.0,0.4118279569892473
1357,6.0,0.34946236559139787
1358,7.0,0.19462365591397848
1359,5.0,0.6827956989247311
1360,3.0,0.2118279569892473
1361,8.0,0.2870967741935484
1362,6.0,0.3580645161290323
1363,6.0,0.36236559139784946
1364,5.0,0.635483870967742
1365,6.0,0.26344086021505375
1366,6.0,0.31290322580645163
1367,4.0,0.2032258064516129
1368,5.0,0.5086021505376344
1369,5.0,0.22473118279569892
1370,5.0,0.1989247311827957
1371,5.0,0.4956989247311828
1372,3.0,0.3365591397849462
1373,7.0,0.4096774193548387
1374,6.0,0.25053763440860216
1375,5.0,0.19462365591397848
1376,5.0,0.256989247311828
1377,9.0,0.26559139784946234